Year,Month_Num,Month,YearMonth,Count,Vehicle_Class
2013,1,January,2013-01,8192578.0,Class 1
2013,1,January,2013-01,13367.0,Class 11
2013,1,January,2013-01,220432.0,Class 2
2013,1,January,2013-01,71880.0,Class 3
2013,1,January,2013-01,49464.0,Class 4
2013,1,January,2013-01,264083.0,Class 5
2013,1,January,2013-01,5879.0,Class 6
2013,1,January,2013-01,10472.0,Class 7
2013,1,January,2013-01,86472.0,Class 8
2013,1,January,2013-01,148002.0,Class 9
2013,2,February,2013-02,7332512.0,Class 1
2013,2,February,2013-02,10829.0,Class 11
2013,2,February,2013-02,200167.0,Class 2
2013,2,February,2013-02,63278.0,Class 3
2013,2,February,2013-02,45166.0,Class 4
2013,2,February,2013-02,229914.0,Class 5
2013,2,February,2013-02,5482.0,Class 6
2013,2,February,2013-02,9671.0,Class 7
2013,2,February,2013-02,77743.0,Class 8
2013,2,February,2013-02,132711.0,Class 9
2013,3,March,2013-03,8767813.0,Class 1
2013,3,March,2013-03,15197.0,Class 11
2013,3,March,2013-03,219908.0,Class 2
2013,3,March,2013-03,67472.0,Class 3
2013,3,March,2013-03,49420.0,Class 4
2013,3,March,2013-03,253269.0,Class 5
2013,3,March,2013-03,5801.0,Class 6
2013,3,March,2013-03,11246.0,Class 7
2013,3,March,2013-03,89789.0,Class 8
2013,3,March,2013-03,153437.0,Class 9
2013,4,April,2013-04,8724239.0,Class 1
2013,4,April,2013-04,23571.0,Class 11
2013,4,April,2013-04,230182.0,Class 2
2013,4,April,2013-04,72415.0,Class 3
2013,4,April,2013-04,52267.0,Class 4
2013,4,April,2013-04,266437.0,Class 5
2013,4,April,2013-04,5662.0,Class 6
2013,4,April,2013-04,12291.0,Class 7
2013,4,April,2013-04,92044.0,Class 8
2013,4,April,2013-04,159180.0,Class 9
2013,5,May,2013-05,9186522.0,Class 1
2013,5,May,2013-05,27614.0,Class 11
2013,5,May,2013-05,241641.0,Class 2
2013,5,May,2013-05,72569.0,Class 3
2013,5,May,2013-05,53878.0,Class 4
2013,5,May,2013-05,276501.0,Class 5
2013,5,May,2013-05,5855.0,Class 6
2013,5,May,2013-05,13147.0,Class 7
2013,5,May,2013-05,94757.0,Class 8
2013,5,May,2013-05,165596.0,Class 9
2013,6,June,2013-06,9135237.0,Class 1
2013,6,June,2013-06,30047.0,Class 11
2013,6,June,2013-06,228578.0,Class 2
2013,6,June,2013-06,68402.0,Class 3
2013,6,June,2013-06,50566.0,Class 4
2013,6,June,2013-06,253794.0,Class 5
2013,6,June,2013-06,5871.0,Class 6
2013,6,June,2013-06,13565.0,Class 7
2013,6,June,2013-06,91024.0,Class 8
2013,6,June,2013-06,156893.0,Class 9
2013,7,July,2013-07,9304451.0,Class 1
2013,7,July,2013-07,29948.0,Class 11
2013,7,July,2013-07,235425.0,Class 2
2013,7,July,2013-07,71215.0,Class 3
2013,7,July,2013-07,53946.0,Class 4
2013,7,July,2013-07,267148.0,Class 5
2013,7,July,2013-07,5897.0,Class 6
2013,7,July,2013-07,13793.0,Class 7
2013,7,July,2013-07,98054.0,Class 8
2013,7,July,2013-07,165375.0,Class 9
2013,8,August,2013-08,9499584.0,Class 1
2013,8,August,2013-08,32477.0,Class 11
2013,8,August,2013-08,240422.0,Class 2
2013,8,August,2013-08,72122.0,Class 3
2013,8,August,2013-08,53393.0,Class 4
2013,8,August,2013-08,259420.0,Class 5
2013,8,August,2013-08,6376.0,Class 6
2013,8,August,2013-08,13819.0,Class 7
2013,8,August,2013-08,96837.0,Class 8
2013,8,August,2013-08,165405.0,Class 9
2013,9,September,2013-09,8708351.0,Class 1
2013,9,September,2013-09,31718.0,Class 11
2013,9,September,2013-09,223922.0,Class 2
2013,9,September,2013-09,66054.0,Class 3
2013,9,September,2013-09,48806.0,Class 4
2013,9,September,2013-09,240042.0,Class 5
2013,9,September,2013-09,5988.0,Class 6
2013,9,September,2013-09,12033.0,Class 7
2013,9,September,2013-09,88614.0,Class 8
2013,9,September,2013-09,148897.0,Class 9
2013,10,October,2013-10,9011877.0,Class 1
2013,10,October,2013-10,25087.0,Class 11
2013,10,October,2013-10,246891.0,Class 2
2013,10,October,2013-10,73063.0,Class 3
2013,10,October,2013-10,55834.0,Class 4
2013,10,October,2013-10,269003.0,Class 5
2013,10,October,2013-10,6255.0,Class 6
2013,10,October,2013-10,12105.0,Class 7
2013,10,October,2013-10,98150.0,Class 8
2013,10,October,2013-10,163118.0,Class 9
2013,11,November,2013-11,8584331.0,Class 1
2013,11,November,2013-11,16001.0,Class 11
2013,11,November,2013-11,218359.0,Class 2
2013,11,November,2013-11,66192.0,Class 3
2013,11,November,2013-11,49608.0,Class 4
2013,11,November,2013-11,233620.0,Class 5
2013,11,November,2013-11,5839.0,Class 6
2013,11,November,2013-11,10637.0,Class 7
2013,11,November,2013-11,88474.0,Class 8
2013,11,November,2013-11,147074.0,Class 9
2013,12,December,2013-12,8593297.0,Class 1
2013,12,December,2013-12,12522.0,Class 11
2013,12,December,2013-12,216069.0,Class 2
2013,12,December,2013-12,66703.0,Class 3
2013,12,December,2013-12,49606.0,Class 4
2013,12,December,2013-12,238274.0,Class 5
2013,12,December,2013-12,6054.0,Class 6
2013,12,December,2013-12,9813.0,Class 7
2013,12,December,2013-12,89721.0,Class 8
2013,12,December,2013-12,150855.0,Class 9
2014,1,January,2014-01,7561270.0,Class 1
2014,1,January,2014-01,10518.0,Class 11
2014,1,January,2014-01,209784.0,Class 2
2014,1,January,2014-01,65312.0,Class 3
2014,1,January,2014-01,47800.0,Class 4
2014,1,January,2014-01,235769.0,Class 5
2014,1,January,2014-01,5578.0,Class 6
2014,1,January,2014-01,9630.0,Class 7
2014,1,January,2014-01,82229.0,Class 8
2014,1,January,2014-01,142934.0,Class 9
2014,2,February,2014-02,6767892.0,Class 1
2014,2,February,2014-02,8911.0,Class 11
2014,2,February,2014-02,190383.0,Class 2
2014,2,February,2014-02,58546.0,Class 3
2014,2,February,2014-02,42014.0,Class 4
2014,2,February,2014-02,209157.0,Class 5
2014,2,February,2014-02,5001.0,Class 6
2014,2,February,2014-02,8632.0,Class 7
2014,2,February,2014-02,74727.0,Class 8
2014,2,February,2014-02,130302.0,Class 9
2014,3,March,2014-03,8500137.0,Class 1
2014,3,March,2014-03,13237.0,Class 11
2014,3,March,2014-03,220403.0,Class 2
2014,3,March,2014-03,69510.0,Class 3
2014,3,March,2014-03,49756.0,Class 4
2014,3,March,2014-03,252286.0,Class 5
2014,3,March,2014-03,5854.0,Class 6
2014,3,March,2014-03,10925.0,Class 7
2014,3,March,2014-03,87874.0,Class 8
2014,3,March,2014-03,152971.0,Class 9
2014,4,April,2014-04,8648553.0,Class 1
2014,4,April,2014-04,19905.0,Class 11
2014,4,April,2014-04,226178.0,Class 2
2014,4,April,2014-04,72607.0,Class 3
2014,4,April,2014-04,53950.0,Class 4
2014,4,April,2014-04,257164.0,Class 5
2014,4,April,2014-04,5787.0,Class 6
2014,4,April,2014-04,11825.0,Class 7
2014,4,April,2014-04,90474.0,Class 8
2014,4,April,2014-04,159246.0,Class 9
2014,5,May,2014-05,9230118.0,Class 1
2014,5,May,2014-05,26070.0,Class 11
2014,5,May,2014-05,235541.0,Class 2
2014,5,May,2014-05,72542.0,Class 3
2014,5,May,2014-05,53712.0,Class 4
2014,5,May,2014-05,262386.0,Class 5
2014,5,May,2014-05,6036.0,Class 6
2014,5,May,2014-05,12873.0,Class 7
2014,5,May,2014-05,95687.0,Class 8
2014,5,May,2014-05,163414.0,Class 9
2014,6,June,2014-06,9055882.0,Class 1
2014,6,June,2014-06,29705.0,Class 11
2014,6,June,2014-06,230564.0,Class 2
2014,6,June,2014-06,68906.0,Class 3
2014,6,June,2014-06,50111.0,Class 4
2014,6,June,2014-06,244176.0,Class 5
2014,6,June,2014-06,5806.0,Class 6
2014,6,June,2014-06,13547.0,Class 7
2014,6,June,2014-06,93632.0,Class 8
2014,6,June,2014-06,160805.0,Class 9
2014,7,July,2014-07,9222385.0,Class 1
2014,7,July,2014-07,28663.0,Class 11
2014,7,July,2014-07,235720.0,Class 2
2014,7,July,2014-07,70718.0,Class 3
2014,7,July,2014-07,50493.0,Class 4
2014,7,July,2014-07,244098.0,Class 5
2014,7,July,2014-07,5146.0,Class 6
2014,7,July,2014-07,13948.0,Class 7
2014,7,July,2014-07,100849.0,Class 8
2014,7,July,2014-07,165317.0,Class 9
2014,8,August,2014-08,9510687.0,Class 1
2014,8,August,2014-08,30246.0,Class 11
2014,8,August,2014-08,230210.0,Class 2
2014,8,August,2014-08,69098.0,Class 3
2014,8,August,2014-08,49355.0,Class 4
2014,8,August,2014-08,231305.0,Class 5
2014,8,August,2014-08,4914.0,Class 6
2014,8,August,2014-08,13959.0,Class 7
2014,8,August,2014-08,99090.0,Class 8
2014,8,August,2014-08,163880.0,Class 9
2014,9,September,2014-09,8725490.0,Class 1
2014,9,September,2014-09,28950.0,Class 11
2014,9,September,2014-09,232249.0,Class 2
2014,9,September,2014-09,70332.0,Class 3
2014,9,September,2014-09,52060.0,Class 4
2014,9,September,2014-09,239665.0,Class 5
2014,9,September,2014-09,5358.0,Class 6
2014,9,September,2014-09,12534.0,Class 7
2014,9,September,2014-09,92037.0,Class 8
2014,9,September,2014-09,155796.0,Class 9
2014,10,October,2014-10,8935227.0,Class 1
2014,10,October,2014-10,22844.0,Class 11
2014,10,October,2014-10,242733.0,Class 2
2014,10,October,2014-10,75185.0,Class 3
2014,10,October,2014-10,56764.0,Class 4
2014,10,October,2014-10,254614.0,Class 5
2014,10,October,2014-10,5796.0,Class 6
2014,10,October,2014-10,12713.0,Class 7
2014,10,October,2014-10,97560.0,Class 8
2014,10,October,2014-10,167963.0,Class 9
2014,11,November,2014-11,8553543.0,Class 1
2014,11,November,2014-11,14662.0,Class 11
2014,11,November,2014-11,211420.0,Class 2
2014,11,November,2014-11,64336.0,Class 3
2014,11,November,2014-11,50266.0,Class 4
2014,11,November,2014-11,224809.0,Class 5
2014,11,November,2014-11,4958.0,Class 6
2014,11,November,2014-11,10497.0,Class 7
2014,11,November,2014-11,86152.0,Class 8
2014,11,November,2014-11,147897.0,Class 9
2014,12,December,2014-12,8866087.0,Class 1
2014,12,December,2014-12,12604.0,Class 11
2014,12,December,2014-12,227621.0,Class 2
2014,12,December,2014-12,69988.0,Class 3
2014,12,December,2014-12,55088.0,Class 4
2014,12,December,2014-12,242101.0,Class 5
2014,12,December,2014-12,5474.0,Class 6
2014,12,December,2014-12,10097.0,Class 7
2014,12,December,2014-12,90240.0,Class 8
2014,12,December,2014-12,157307.0,Class 9
2015,1,January,2015-01,7625157.0,Class 1
2015,1,January,2015-01,9818.0,Class 11
2015,1,January,2015-01,200279.0,Class 2
2015,1,January,2015-01,62247.0,Class 3
2015,1,January,2015-01,50425.0,Class 4
2015,1,January,2015-01,221026.0,Class 5
2015,1,January,2015-01,4794.0,Class 6
2015,1,January,2015-01,9278.0,Class 7
2015,1,January,2015-01,79386.0,Class 8
2015,1,January,2015-01,141330.0,Class 9
2015,2,February,2015-02,7164820.0,Class 1
2015,2,February,2015-02,8784.0,Class 11
2015,2,February,2015-02,197717.0,Class 2
2015,2,February,2015-02,59206.0,Class 3
2015,2,February,2015-02,47771.0,Class 4
2015,2,February,2015-02,208714.0,Class 5
2015,2,February,2015-02,4715.0,Class 6
2015,2,February,2015-02,8824.0,Class 7
2015,2,February,2015-02,75490.0,Class 8
2015,2,February,2015-02,136910.0,Class 9
2015,3,March,2015-03,8375383.0,Class 1
2015,3,March,2015-03,11651.0,Class 11
2015,3,March,2015-03,227895.0,Class 2
2015,3,March,2015-03,71848.0,Class 3
2015,3,March,2015-03,51908.0,Class 4
2015,3,March,2015-03,243467.0,Class 5
2015,3,March,2015-03,5714.0,Class 6
2015,3,March,2015-03,11346.0,Class 7
2015,3,March,2015-03,87412.0,Class 8
2015,3,March,2015-03,159993.0,Class 9
2015,4,April,2015-04,8759223.0,Class 1
2015,4,April,2015-04,20336.0,Class 11
2015,4,April,2015-04,229449.0,Class 2
2015,4,April,2015-04,74124.0,Class 3
2015,4,April,2015-04,54378.0,Class 4
2015,4,April,2015-04,248831.0,Class 5
2015,4,April,2015-04,5419.0,Class 6
2015,4,April,2015-04,12327.0,Class 7
2015,4,April,2015-04,88815.0,Class 8
2015,4,April,2015-04,164143.0,Class 9
2015,5,May,2015-05,9339810.0,Class 1
2015,5,May,2015-05,27980.0,Class 11
2015,5,May,2015-05,231730.0,Class 2
2015,5,May,2015-05,73483.0,Class 3
2015,5,May,2015-05,54080.0,Class 4
2015,5,May,2015-05,249834.0,Class 5
2015,5,May,2015-05,5448.0,Class 6
2015,5,May,2015-05,13484.0,Class 7
2015,5,May,2015-05,91836.0,Class 8
2015,5,May,2015-05,163128.0,Class 9
2015,6,June,2015-06,9098678.0,Class 1
2015,6,June,2015-06,24151.0,Class 11
2015,6,June,2015-06,243850.0,Class 2
2015,6,June,2015-06,78061.0,Class 3
2015,6,June,2015-06,56369.0,Class 4
2015,6,June,2015-06,257726.0,Class 5
2015,6,June,2015-06,5842.0,Class 6
2015,6,June,2015-06,13785.0,Class 7
2015,6,June,2015-06,91761.0,Class 8
2015,6,June,2015-06,167159.0,Class 9
2015,7,July,2015-07,9460923.0,Class 1
2015,7,July,2015-07,29025.0,Class 11
2015,7,July,2015-07,243208.0,Class 2
2015,7,July,2015-07,79791.0,Class 3
2015,7,July,2015-07,59188.0,Class 4
2015,7,July,2015-07,256286.0,Class 5
2015,7,July,2015-07,5661.0,Class 6
2015,7,July,2015-07,13899.0,Class 7
2015,7,July,2015-07,99626.0,Class 8
2015,7,July,2015-07,169579.0,Class 9
2015,8,August,2015-08,9694625.0,Class 1
2015,8,August,2015-08,31290.0,Class 11
2015,8,August,2015-08,236915.0,Class 2
2015,8,August,2015-08,75801.0,Class 3
2015,8,August,2015-08,57223.0,Class 4
2015,8,August,2015-08,246534.0,Class 5
2015,8,August,2015-08,5765.0,Class 6
2015,8,August,2015-08,14521.0,Class 7
2015,8,August,2015-08,95416.0,Class 8
2015,8,August,2015-08,163832.0,Class 9
2015,9,September,2015-09,8789765.0,Class 1
2015,9,September,2015-09,27356.0,Class 11
2015,9,September,2015-09,235952.0,Class 2
2015,9,September,2015-09,74160.0,Class 3
2015,9,September,2015-09,57901.0,Class 4
2015,9,September,2015-09,248203.0,Class 5
2015,9,September,2015-09,6002.0,Class 6
2015,9,September,2015-09,12804.0,Class 7
2015,9,September,2015-09,87860.0,Class 8
2015,9,September,2015-09,158282.0,Class 9
2015,10,October,2015-10,9111692.0,Class 1
2015,10,October,2015-10,21111.0,Class 11
2015,10,October,2015-10,246745.0,Class 2
2015,10,October,2015-10,77804.0,Class 3
2015,10,October,2015-10,59231.0,Class 4
2015,10,October,2015-10,255430.0,Class 5
2015,10,October,2015-10,6180.0,Class 6
2015,10,October,2015-10,15166.0,Class 7
2015,10,October,2015-10,95713.0,Class 8
2015,10,October,2015-10,163951.0,Class 9
2015,11,November,2015-11,8803018.0,Class 1
2015,11,November,2015-11,17034.0,Class 11
2015,11,November,2015-11,222738.0,Class 2
2015,11,November,2015-11,71343.0,Class 3
2015,11,November,2015-11,53129.0,Class 4
2015,11,November,2015-11,235449.0,Class 5
2015,11,November,2015-11,5457.0,Class 6
2015,11,November,2015-11,14100.0,Class 7
2015,11,November,2015-11,86229.0,Class 8
2015,11,November,2015-11,151965.0,Class 9
2015,12,December,2015-12,9092927.0,Class 1
2015,12,December,2015-12,14958.0,Class 11
2015,12,December,2015-12,233939.0,Class 2
2015,12,December,2015-12,73397.0,Class 3
2015,12,December,2015-12,56152.0,Class 4
2015,12,December,2015-12,246618.0,Class 5
2015,12,December,2015-12,6292.0,Class 6
2015,12,December,2015-12,13402.0,Class 7
2015,12,December,2015-12,89076.0,Class 8
2015,12,December,2015-12,160580.0,Class 9
2016,1,January,2016-01,7829619.0,Class 1
2016,1,January,2016-01,10138.0,Class 11
2016,1,January,2016-01,204466.0,Class 2
2016,1,January,2016-01,67086.0,Class 3
2016,1,January,2016-01,49256.0,Class 4
2016,1,January,2016-01,216851.0,Class 5
2016,1,January,2016-01,4975.0,Class 6
2016,1,January,2016-01,11875.0,Class 7
2016,1,January,2016-01,76766.0,Class 8
2016,1,January,2016-01,141807.0,Class 9
2016,2,February,2016-02,7878572.0,Class 1
2016,2,February,2016-02,10454.0,Class 11
2016,2,February,2016-02,210846.0,Class 2
2016,2,February,2016-02,69363.0,Class 3
2016,2,February,2016-02,49458.0,Class 4
2016,2,February,2016-02,222029.0,Class 5
2016,2,February,2016-02,5104.0,Class 6
2016,2,February,2016-02,12449.0,Class 7
2016,2,February,2016-02,79779.0,Class 8
2016,2,February,2016-02,143793.0,Class 9
2016,3,March,2016-03,8962479.0,Class 1
2016,3,March,2016-03,15892.0,Class 11
2016,3,March,2016-03,236931.0,Class 2
2016,3,March,2016-03,80875.0,Class 3
2016,3,March,2016-03,56271.0,Class 4
2016,3,March,2016-03,251046.0,Class 5
2016,3,March,2016-03,6313.0,Class 6
2016,3,March,2016-03,15694.0,Class 7
2016,3,March,2016-03,90191.0,Class 8
2016,3,March,2016-03,165280.0,Class 9
2016,4,April,2016-04,8883841.0,Class 1
2016,4,April,2016-04,18200.0,Class 11
2016,4,April,2016-04,227941.0,Class 2
2016,4,April,2016-04,76050.0,Class 3
2016,4,April,2016-04,56687.0,Class 4
2016,4,April,2016-04,239869.0,Class 5
2016,4,April,2016-04,5523.0,Class 6
2016,4,April,2016-04,14690.0,Class 7
2016,4,April,2016-04,88623.0,Class 8
2016,4,April,2016-04,158681.0,Class 9
2016,5,May,2016-05,9417849.0,Class 1
2016,5,May,2016-05,22230.0,Class 11
2016,5,May,2016-05,235019.0,Class 2
2016,5,May,2016-05,73366.0,Class 3
2016,5,May,2016-05,54731.0,Class 4
2016,5,May,2016-05,245977.0,Class 5
2016,5,May,2016-05,5737.0,Class 6
2016,5,May,2016-05,15577.0,Class 7
2016,5,May,2016-05,92336.0,Class 8
2016,5,May,2016-05,163679.0,Class 9
2016,6,June,2016-06,9314800.0,Class 1
2016,6,June,2016-06,27171.0,Class 11
2016,6,June,2016-06,249356.0,Class 2
2016,6,June,2016-06,78529.0,Class 3
2016,6,June,2016-06,57591.0,Class 4
2016,6,June,2016-06,253445.0,Class 5
2016,6,June,2016-06,5922.0,Class 6
2016,6,June,2016-06,16844.0,Class 7
2016,6,June,2016-06,93614.0,Class 8
2016,6,June,2016-06,165287.0,Class 9
2016,7,July,2016-07,9683900.0,Class 1
2016,7,July,2016-07,25956.0,Class 11
2016,7,July,2016-07,230404.0,Class 2
2016,7,July,2016-07,71094.0,Class 3
2016,7,July,2016-07,55242.0,Class 4
2016,7,July,2016-07,230783.0,Class 5
2016,7,July,2016-07,5158.0,Class 6
2016,7,July,2016-07,16825.0,Class 7
2016,7,July,2016-07,97943.0,Class 8
2016,7,July,2016-07,161457.0,Class 9
2016,8,August,2016-08,9778966.0,Class 1
2016,8,August,2016-08,27207.0,Class 11
2016,8,August,2016-08,250777.0,Class 2
2016,8,August,2016-08,78008.0,Class 3
2016,8,August,2016-08,60292.0,Class 4
2016,8,August,2016-08,248806.0,Class 5
2016,8,August,2016-08,5572.0,Class 6
2016,8,August,2016-08,17035.0,Class 7
2016,8,August,2016-08,98035.0,Class 8
2016,8,August,2016-08,170285.0,Class 9
2016,9,September,2016-09,9063734.0,Class 1
2016,9,September,2016-09,25939.0,Class 11
2016,9,September,2016-09,240044.0,Class 2
2016,9,September,2016-09,74166.0,Class 3
2016,9,September,2016-09,57971.0,Class 4
2016,9,September,2016-09,235951.0,Class 5
2016,9,September,2016-09,5941.0,Class 6
2016,9,September,2016-09,15603.0,Class 7
2016,9,September,2016-09,90219.0,Class 8
2016,9,September,2016-09,157193.0,Class 9
2016,10,October,2016-10,9240219.0,Class 1
2016,10,October,2016-10,20649.0,Class 11
2016,10,October,2016-10,236192.0,Class 2
2016,10,October,2016-10,74619.0,Class 3
2016,10,October,2016-10,60048.0,Class 4
2016,10,October,2016-10,237417.0,Class 5
2016,10,October,2016-10,6007.0,Class 6
2016,10,October,2016-10,15405.0,Class 7
2016,10,October,2016-10,92992.0,Class 8
2016,10,October,2016-10,159992.0,Class 9
2016,11,November,2016-11,8904742.0,Class 1
2016,11,November,2016-11,15843.0,Class 11
2016,11,November,2016-11,232900.0,Class 2
2016,11,November,2016-11,73776.0,Class 3
2016,11,November,2016-11,60210.0,Class 4
2016,11,November,2016-11,236326.0,Class 5
2016,11,November,2016-11,6622.0,Class 6
2016,11,November,2016-11,14903.0,Class 7
2016,11,November,2016-11,86727.0,Class 8
2016,11,November,2016-11,153683.0,Class 9
2016,12,December,2016-12,9150251.0,Class 1
2016,12,December,2016-12,11211.0,Class 11
2016,12,December,2016-12,232530.0,Class 2
2016,12,December,2016-12,75242.0,Class 3
2016,12,December,2016-12,57142.0,Class 4
2016,12,December,2016-12,236664.0,Class 5
2016,12,December,2016-12,6430.0,Class 6
2016,12,December,2016-12,13830.0,Class 7
2016,12,December,2016-12,88357.0,Class 8
2016,12,December,2016-12,155088.0,Class 9
2017,1,January,2017-01,8279628.0,Class 1
2017,1,January,2017-01,10052.0,Class 11
2017,1,January,2017-01,215745.0,Class 2
2017,1,January,2017-01,70933.0,Class 3
2017,1,January,2017-01,52596.0,Class 4
2017,1,January,2017-01,224119.0,Class 5
2017,1,January,2017-01,5731.0,Class 6
2017,1,January,2017-01,13581.0,Class 7
2017,1,January,2017-01,81986.0,Class 8
2017,1,January,2017-01,147818.0,Class 9
2017,2,February,2017-02,7678903.0,Class 1
2017,2,February,2017-02,11286.0,Class 11
2017,2,February,2017-02,201662.0,Class 2
2017,2,February,2017-02,69553.0,Class 3
2017,2,February,2017-02,50891.0,Class 4
2017,2,February,2017-02,203647.0,Class 5
2017,2,February,2017-02,5371.0,Class 6
2017,2,February,2017-02,14260.0,Class 7
2017,2,February,2017-02,76045.0,Class 8
2017,2,February,2017-02,135526.0,Class 9
2017,3,March,2017-03,8550832.0,Class 1
2017,3,March,2017-03,10767.0,Class 11
2017,3,March,2017-03,234968.0,Class 2
2017,3,March,2017-03,75819.0,Class 3
2017,3,March,2017-03,57062.0,Class 4
2017,3,March,2017-03,240126.0,Class 5
2017,3,March,2017-03,6675.0,Class 6
2017,3,March,2017-03,15485.0,Class 7
2017,3,March,2017-03,86521.0,Class 8
2017,3,March,2017-03,155405.0,Class 9
2017,4,April,2017-04,9106036.0,Class 1
2017,4,April,2017-04,20984.0,Class 11
2017,4,April,2017-04,220952.0,Class 2
2017,4,April,2017-04,69079.0,Class 3
2017,4,April,2017-04,54779.0,Class 4
2017,4,April,2017-04,229231.0,Class 5
2017,4,April,2017-04,6280.0,Class 6
2017,4,April,2017-04,16055.0,Class 7
2017,4,April,2017-04,85841.0,Class 8
2017,4,April,2017-04,154123.0,Class 9
2017,5,May,2017-05,9389174.0,Class 1
2017,5,May,2017-05,22726.0,Class 11
2017,5,May,2017-05,248656.0,Class 2
2017,5,May,2017-05,75534.0,Class 3
2017,5,May,2017-05,58573.0,Class 4
2017,5,May,2017-05,253756.0,Class 5
2017,5,May,2017-05,7896.0,Class 6
2017,5,May,2017-05,17217.0,Class 7
2017,5,May,2017-05,92523.0,Class 8
2017,5,May,2017-05,167078.0,Class 9
2017,6,June,2017-06,9409240.0,Class 1
2017,6,June,2017-06,27956.0,Class 11
2017,6,June,2017-06,252765.0,Class 2
2017,6,June,2017-06,77117.0,Class 3
2017,6,June,2017-06,60301.0,Class 4
2017,6,June,2017-06,250536.0,Class 5
2017,6,June,2017-06,7709.0,Class 6
2017,6,June,2017-06,17057.0,Class 7
2017,6,June,2017-06,92812.0,Class 8
2017,6,June,2017-06,166572.0,Class 9
2017,7,July,2017-07,9747742.0,Class 1
2017,7,July,2017-07,27567.0,Class 11
2017,7,July,2017-07,233153.0,Class 2
2017,7,July,2017-07,71035.0,Class 3
2017,7,July,2017-07,55404.0,Class 4
2017,7,July,2017-07,231916.0,Class 5
2017,7,July,2017-07,6793.0,Class 6
2017,7,July,2017-07,16563.0,Class 7
2017,7,July,2017-07,97962.0,Class 8
2017,7,July,2017-07,163937.0,Class 9
2017,8,August,2017-08,9832505.0,Class 1
2017,8,August,2017-08,28969.0,Class 11
2017,8,August,2017-08,256184.0,Class 2
2017,8,August,2017-08,80620.0,Class 3
2017,8,August,2017-08,62501.0,Class 4
2017,8,August,2017-08,251288.0,Class 5
2017,8,August,2017-08,7160.0,Class 6
2017,8,August,2017-08,17929.0,Class 7
2017,8,August,2017-08,97410.0,Class 8
2017,8,August,2017-08,170760.0,Class 9
2017,9,September,2017-09,9168278.0,Class 1
2017,9,September,2017-09,29266.0,Class 11
2017,9,September,2017-09,240146.0,Class 2
2017,9,September,2017-09,78978.0,Class 3
2017,9,September,2017-09,59329.0,Class 4
2017,9,September,2017-09,229666.0,Class 5
2017,9,September,2017-09,6613.0,Class 6
2017,9,September,2017-09,15801.0,Class 7
2017,9,September,2017-09,87965.0,Class 8
2017,9,September,2017-09,155851.0,Class 9
2017,10,October,2017-10,9351370.0,Class 1
2017,10,October,2017-10,23388.0,Class 11
2017,10,October,2017-10,249060.0,Class 2
2017,10,October,2017-10,82696.0,Class 3
2017,10,October,2017-10,61663.0,Class 4
2017,10,October,2017-10,244646.0,Class 5
2017,10,October,2017-10,7041.0,Class 6
2017,10,October,2017-10,16606.0,Class 7
2017,10,October,2017-10,93513.0,Class 8
2017,10,October,2017-10,165331.0,Class 9
2017,11,November,2017-11,9001695.0,Class 1
2017,11,November,2017-11,15243.0,Class 11
2017,11,November,2017-11,240438.0,Class 2
2017,11,November,2017-11,76980.0,Class 3
2017,11,November,2017-11,57839.0,Class 4
2017,11,November,2017-11,238527.0,Class 5
2017,11,November,2017-11,6968.0,Class 6
2017,11,November,2017-11,14500.0,Class 7
2017,11,November,2017-11,89009.0,Class 8
2017,11,November,2017-11,156487.0,Class 9
2017,12,December,2017-12,9168669.0,Class 1
2017,12,December,2017-12,12229.0,Class 11
2017,12,December,2017-12,229466.0,Class 2
2017,12,December,2017-12,75731.0,Class 3
2017,12,December,2017-12,54512.0,Class 4
2017,12,December,2017-12,228823.0,Class 5
2017,12,December,2017-12,6939.0,Class 6
2017,12,December,2017-12,12800.0,Class 7
2017,12,December,2017-12,89366.0,Class 8
2017,12,December,2017-12,152009.0,Class 9
2018,1,January,2018-01,8175302.0,Class 1
2018,1,January,2018-01,10006.0,Class 11
2018,1,January,2018-01,224885.0,Class 2
2018,1,January,2018-01,76673.0,Class 3
2018,1,January,2018-01,53286.0,Class 4
2018,1,January,2018-01,224992.0,Class 5
2018,1,January,2018-01,6176.0,Class 6
2018,1,January,2018-01,13012.0,Class 7
2018,1,January,2018-01,81782.0,Class 8
2018,1,January,2018-01,150077.0,Class 9
2018,2,February,2018-02,7792347.0,Class 1
2018,2,February,2018-02,10744.0,Class 11
2018,2,February,2018-02,208915.0,Class 2
2018,2,February,2018-02,72862.0,Class 3
2018,2,February,2018-02,48959.0,Class 4
2018,2,February,2018-02,209335.0,Class 5
2018,2,February,2018-02,5917.0,Class 6
2018,2,February,2018-02,12810.0,Class 7
2018,2,February,2018-02,78111.0,Class 8
2018,2,February,2018-02,140068.0,Class 9
2018,3,March,2018-03,8723599.0,Class 1
2018,3,March,2018-03,11919.0,Class 11
2018,3,March,2018-03,234584.0,Class 2
2018,3,March,2018-03,80647.0,Class 3
2018,3,March,2018-03,54707.0,Class 4
2018,3,March,2018-03,234645.0,Class 5
2018,3,March,2018-03,6937.0,Class 6
2018,3,March,2018-03,15140.0,Class 7
2018,3,March,2018-03,85992.0,Class 8
2018,3,March,2018-03,156835.0,Class 9
2018,4,April,2018-04,9053491.0,Class 1
2018,4,April,2018-04,18528.0,Class 11
2018,4,April,2018-04,233008.0,Class 2
2018,4,April,2018-04,80520.0,Class 3
2018,4,April,2018-04,54456.0,Class 4
2018,4,April,2018-04,235277.0,Class 5
2018,4,April,2018-04,6729.0,Class 6
2018,4,April,2018-04,15415.0,Class 7
2018,4,April,2018-04,88302.0,Class 8
2018,4,April,2018-04,160555.0,Class 9
2018,5,May,2018-05,9517266.0,Class 1
2018,5,May,2018-05,27614.0,Class 11
2018,5,May,2018-05,256552.0,Class 2
2018,5,May,2018-05,85844.0,Class 3
2018,5,May,2018-05,60943.0,Class 4
2018,5,May,2018-05,255640.0,Class 5
2018,5,May,2018-05,7609.0,Class 6
2018,5,May,2018-05,17580.0,Class 7
2018,5,May,2018-05,93413.0,Class 8
2018,5,May,2018-05,168014.0,Class 9
2018,6,June,2018-06,9562339.0,Class 1
2018,6,June,2018-06,32242.0,Class 11
2018,6,June,2018-06,253983.0,Class 2
2018,6,June,2018-06,85089.0,Class 3
2018,6,June,2018-06,58716.0,Class 4
2018,6,June,2018-06,246516.0,Class 5
2018,6,June,2018-06,7438.0,Class 6
2018,6,June,2018-06,18432.0,Class 7
2018,6,June,2018-06,92563.0,Class 8
2018,6,June,2018-06,164659.0,Class 9
2018,7,July,2018-07,9743886.0,Class 1
2018,7,July,2018-07,32502.0,Class 11
2018,7,July,2018-07,247156.0,Class 2
2018,7,July,2018-07,85513.0,Class 3
2018,7,July,2018-07,55780.0,Class 4
2018,7,July,2018-07,240037.0,Class 5
2018,7,July,2018-07,7236.0,Class 6
2018,7,July,2018-07,18036.0,Class 7
2018,7,July,2018-07,96890.0,Class 8
2018,7,July,2018-07,163722.0,Class 9
2018,8,August,2018-08,9883045.0,Class 1
2018,8,August,2018-08,30770.0,Class 11
2018,8,August,2018-08,263356.0,Class 2
2018,8,August,2018-08,91388.0,Class 3
2018,8,August,2018-08,60138.0,Class 4
2018,8,August,2018-08,248545.0,Class 5
2018,8,August,2018-08,7603.0,Class 6
2018,8,August,2018-08,18248.0,Class 7
2018,8,August,2018-08,96642.0,Class 8
2018,8,August,2018-08,170681.0,Class 9
2018,9,September,2018-09,9159347.0,Class 1
2018,9,September,2018-09,28151.0,Class 11
2018,9,September,2018-09,232154.0,Class 2
2018,9,September,2018-09,79878.0,Class 3
2018,9,September,2018-09,53273.0,Class 4
2018,9,September,2018-09,220748.0,Class 5
2018,9,September,2018-09,6792.0,Class 6
2018,9,September,2018-09,15319.0,Class 7
2018,9,September,2018-09,87295.0,Class 8
2018,9,September,2018-09,150223.0,Class 9
2018,10,October,2018-10,9403582.0,Class 1
2018,10,October,2018-10,24659.0,Class 11
2018,10,October,2018-10,257577.0,Class 2
2018,10,October,2018-10,89548.0,Class 3
2018,10,October,2018-10,58814.0,Class 4
2018,10,October,2018-10,253495.0,Class 5
2018,10,October,2018-10,7500.0,Class 6
2018,10,October,2018-10,17965.0,Class 7
2018,10,October,2018-10,97619.0,Class 8
2018,10,October,2018-10,168635.0,Class 9
2018,11,November,2018-11,8964697.0,Class 1
2018,11,November,2018-11,14656.0,Class 11
2018,11,November,2018-11,239850.0,Class 2
2018,11,November,2018-11,79310.0,Class 3
2018,11,November,2018-11,52967.0,Class 4
2018,11,November,2018-11,236228.0,Class 5
2018,11,November,2018-11,7459.0,Class 6
2018,11,November,2018-11,14655.0,Class 7
2018,11,November,2018-11,88077.0,Class 8
2018,11,November,2018-11,152894.0,Class 9
2018,12,December,2018-12,9415551.0,Class 1
2018,12,December,2018-12,12360.0,Class 11
2018,12,December,2018-12,228573.0,Class 2
2018,12,December,2018-12,80697.0,Class 3
2018,12,December,2018-12,50674.0,Class 4
2018,12,December,2018-12,225627.0,Class 5
2018,12,December,2018-12,6348.0,Class 6
2018,12,December,2018-12,13603.0,Class 7
2018,12,December,2018-12,87990.0,Class 8
2018,12,December,2018-12,151935.0,Class 9
2019,1,January,2019-01,8374655.0,Class 1
2019,1,January,2019-01,10352.0,Class 11
2019,1,January,2019-01,229405.0,Class 2
2019,1,January,2019-01,83704.0,Class 3
2019,1,January,2019-01,53014.0,Class 4
2019,1,January,2019-01,235459.0,Class 5
2019,1,January,2019-01,6193.0,Class 6
2019,1,January,2019-01,14361.0,Class 7
2019,1,January,2019-01,85493.0,Class 8
2019,1,January,2019-01,149462.0,Class 9
2019,2,February,2019-02,7881133.0,Class 1
2019,2,February,2019-02,9698.0,Class 11
2019,2,February,2019-02,208818.0,Class 2
2019,2,February,2019-02,76809.0,Class 3
2019,2,February,2019-02,48300.0,Class 4
2019,2,February,2019-02,209038.0,Class 5
2019,2,February,2019-02,5696.0,Class 6
2019,2,February,2019-02,13344.0,Class 7
2019,2,February,2019-02,79060.0,Class 8
2019,2,February,2019-02,137043.0,Class 9
2019,3,March,2019-03,9111435.0,Class 1
2019,3,March,2019-03,17222.0,Class 11
2019,3,March,2019-03,234199.0,Class 2
2019,3,March,2019-03,87881.0,Class 3
2019,3,March,2019-03,52861.0,Class 4
2019,3,March,2019-03,229932.0,Class 5
2019,3,March,2019-03,6892.0,Class 6
2019,3,March,2019-03,16198.0,Class 7
2019,3,March,2019-03,90307.0,Class 8
2019,3,March,2019-03,155674.0,Class 9
2019,4,April,2019-04,9170563.0,Class 1
2019,4,April,2019-04,23166.0,Class 11
2019,4,April,2019-04,241166.0,Class 2
2019,4,April,2019-04,85009.0,Class 3
2019,4,April,2019-04,58625.0,Class 4
2019,4,April,2019-04,243824.0,Class 5
2019,4,April,2019-04,7835.0,Class 6
2019,4,April,2019-04,17038.0,Class 7
2019,4,April,2019-04,93302.0,Class 8
2019,4,April,2019-04,158876.0,Class 9
2019,5,May,2019-05,9681059.0,Class 1
2019,5,May,2019-05,26640.0,Class 11
2019,5,May,2019-05,254868.0,Class 2
2019,5,May,2019-05,84746.0,Class 3
2019,5,May,2019-05,63284.0,Class 4
2019,5,May,2019-05,255349.0,Class 5
2019,5,May,2019-05,8082.0,Class 6
2019,5,May,2019-05,17092.0,Class 7
2019,5,May,2019-05,97841.0,Class 8
2019,5,May,2019-05,163613.0,Class 9
2019,6,June,2019-06,9668885.0,Class 1
2019,6,June,2019-06,28629.0,Class 11
2019,6,June,2019-06,241766.0,Class 2
2019,6,June,2019-06,81248.0,Class 3
2019,6,June,2019-06,54103.0,Class 4
2019,6,June,2019-06,231916.0,Class 5
2019,6,June,2019-06,7849.0,Class 6
2019,6,June,2019-06,23116.0,Class 7
2019,6,June,2019-06,92933.0,Class 8
2019,6,June,2019-06,153363.0,Class 9
2019,7,July,2019-07,9809662.0,Class 1
2019,7,July,2019-07,26545.0,Class 11
2019,7,July,2019-07,247291.0,Class 2
2019,7,July,2019-07,92821.0,Class 3
2019,7,July,2019-07,47632.0,Class 4
2019,7,July,2019-07,225865.0,Class 5
2019,7,July,2019-07,8302.0,Class 6
2019,7,July,2019-07,36018.0,Class 7
2019,7,July,2019-07,101182.0,Class 8
2019,7,July,2019-07,157315.0,Class 9
2019,8,August,2019-08,10028753.0,Class 1
2019,8,August,2019-08,27647.0,Class 11
2019,8,August,2019-08,249137.0,Class 2
2019,8,August,2019-08,93974.0,Class 3
2019,8,August,2019-08,51568.0,Class 4
2019,8,August,2019-08,223701.0,Class 5
2019,8,August,2019-08,8435.0,Class 6
2019,8,August,2019-08,34942.0,Class 7
2019,8,August,2019-08,99194.0,Class 8
2019,8,August,2019-08,159088.0,Class 9
2019,9,September,2019-09,9377003.0,Class 1
2019,9,September,2019-09,30559.0,Class 11
2019,9,September,2019-09,244642.0,Class 2
2019,9,September,2019-09,91475.0,Class 3
2019,9,September,2019-09,53831.0,Class 4
2019,9,September,2019-09,222549.0,Class 5
2019,9,September,2019-09,7739.0,Class 6
2019,9,September,2019-09,25760.0,Class 7
2019,9,September,2019-09,91587.0,Class 8
2019,9,September,2019-09,144731.0,Class 9
2019,10,October,2019-10,9503954.0,Class 1
2019,10,October,2019-10,22172.0,Class 11
2019,10,October,2019-10,264970.0,Class 2
2019,10,October,2019-10,91056.0,Class 3
2019,10,October,2019-10,67264.0,Class 4
2019,10,October,2019-10,257401.0,Class 5
2019,10,October,2019-10,7560.0,Class 6
2019,10,October,2019-10,14024.0,Class 7
2019,10,October,2019-10,99220.0,Class 8
2019,10,October,2019-10,157141.0,Class 9
2019,11,November,2019-11,9262121.0,Class 1
2019,11,November,2019-11,13448.0,Class 11
2019,11,November,2019-11,241117.0,Class 2
2019,11,November,2019-11,80687.0,Class 3
2019,11,November,2019-11,58066.0,Class 4
2019,11,November,2019-11,233925.0,Class 5
2019,11,November,2019-11,7254.0,Class 6
2019,11,November,2019-11,12288.0,Class 7
2019,11,November,2019-11,91102.0,Class 8
2019,11,November,2019-11,143660.0,Class 9
2019,12,December,2019-12,9444342.0,Class 1
2019,12,December,2019-12,9923.0,Class 11
2019,12,December,2019-12,243379.0,Class 2
2019,12,December,2019-12,81019.0,Class 3
2019,12,December,2019-12,55412.0,Class 4
2019,12,December,2019-12,237668.0,Class 5
2019,12,December,2019-12,8902.0,Class 6
2019,12,December,2019-12,10818.0,Class 7
2019,12,December,2019-12,94356.0,Class 8
2019,12,December,2019-12,144836.0,Class 9
2020,1,January,2020-01,8695494.0,Class 1
2020,1,January,2020-01,12220.0,Class 11
2020,1,January,2020-01,237868.0,Class 2
2020,1,January,2020-01,84993.0,Class 3
2020,1,January,2020-01,57769.0,Class 4
2020,1,January,2020-01,236025.0,Class 5
2020,1,January,2020-01,7525.0,Class 6
2020,1,January,2020-01,11389.0,Class 7
2020,1,January,2020-01,88181.0,Class 8
2020,1,January,2020-01,145269.0,Class 9
2020,2,February,2020-02,8470455.0,Class 1
2020,2,February,2020-02,10415.0,Class 11
2020,2,February,2020-02,220548.0,Class 2
2020,2,February,2020-02,79178.0,Class 3
2020,2,February,2020-02,50121.0,Class 4
2020,2,February,2020-02,215686.0,Class 5
2020,2,February,2020-02,7583.0,Class 6
2020,2,February,2020-02,11324.0,Class 7
2020,2,February,2020-02,75902.0,Class 8
2020,2,February,2020-02,143093.0,Class 9
2020,3,March,2020-03,6432181.0,Class 1
2020,3,March,2020-03,13114.0,Class 11
2020,3,March,2020-03,208430.0,Class 2
2020,3,March,2020-03,80760.0,Class 3
2020,3,March,2020-03,56408.0,Class 4
2020,3,March,2020-03,242811.0,Class 5
2020,3,March,2020-03,8280.0,Class 6
2020,3,March,2020-03,11491.0,Class 7
2020,3,March,2020-03,58177.0,Class 8
2020,3,March,2020-03,123488.0,Class 9
2020,4,April,2020-04,3427029.0,Class 1
2020,4,April,2020-04,10772.0,Class 11
2020,4,April,2020-04,137968.0,Class 2
2020,4,April,2020-04,57113.0,Class 3
2020,4,April,2020-04,45758.0,Class 4
2020,4,April,2020-04,196047.0,Class 5
2020,4,April,2020-04,7203.0,Class 6
2020,4,April,2020-04,8235.0,Class 7
2020,4,April,2020-04,23194.0,Class 8
2020,4,April,2020-04,51683.0,Class 9
2020,5,May,2020-05,5511752.0,Class 1
2020,5,May,2020-05,23828.0,Class 11
2020,5,May,2020-05,173082.0,Class 2
2020,5,May,2020-05,66933.0,Class 3
2020,5,May,2020-05,49552.0,Class 4
2020,5,May,2020-05,219256.0,Class 5
2020,5,May,2020-05,8180.0,Class 6
2020,5,May,2020-05,12873.0,Class 7
2020,5,May,2020-05,28970.0,Class 8
2020,5,May,2020-05,61849.0,Class 9
2020,6,June,2020-06,7053025.0,Class 1
2020,6,June,2020-06,28619.0,Class 11
2020,6,June,2020-06,214027.0,Class 2
2020,6,June,2020-06,76588.0,Class 3
2020,6,June,2020-06,56631.0,Class 4
2020,6,June,2020-06,243920.0,Class 5
2020,6,June,2020-06,8256.0,Class 6
2020,6,June,2020-06,15234.0,Class 7
2020,6,June,2020-06,41519.0,Class 8
2020,6,June,2020-06,87303.0,Class 9
2020,7,July,2020-07,8192329.0,Class 1
2020,7,July,2020-07,29741.0,Class 11
2020,7,July,2020-07,229063.0,Class 2
2020,7,July,2020-07,80552.0,Class 3
2020,7,July,2020-07,57755.0,Class 4
2020,7,July,2020-07,247654.0,Class 5
2020,7,July,2020-07,8458.0,Class 6
2020,7,July,2020-07,16122.0,Class 7
2020,7,July,2020-07,49616.0,Class 8
2020,7,July,2020-07,101018.0,Class 9
2020,8,August,2020-08,8663417.0,Class 1
2020,8,August,2020-08,31265.0,Class 11
2020,8,August,2020-08,229423.0,Class 2
2020,8,August,2020-08,78337.0,Class 3
2020,8,August,2020-08,55325.0,Class 4
2020,8,August,2020-08,240385.0,Class 5
2020,8,August,2020-08,7628.0,Class 6
2020,8,August,2020-08,16107.0,Class 7
2020,8,August,2020-08,51437.0,Class 8
2020,8,August,2020-08,98136.0,Class 9
2020,9,September,2020-09,8305292.0,Class 1
2020,9,September,2020-09,31963.0,Class 11
2020,9,September,2020-09,228658.0,Class 2
2020,9,September,2020-09,78337.0,Class 3
2020,9,September,2020-09,53926.0,Class 4
2020,9,September,2020-09,245669.0,Class 5
2020,9,September,2020-09,8100.0,Class 6
2020,9,September,2020-09,15339.0,Class 7
2020,9,September,2020-09,52140.0,Class 8
2020,9,September,2020-09,92525.0,Class 9
2020,10,October,2020-10,8473748.0,Class 1
2020,10,October,2020-10,23420.0,Class 11
2020,10,October,2020-10,236582.0,Class 2
2020,10,October,2020-10,82948.0,Class 3
2020,10,October,2020-10,58843.0,Class 4
2020,10,October,2020-10,257825.0,Class 5
2020,10,October,2020-10,8557.0,Class 6
2020,10,October,2020-10,15719.0,Class 7
2020,10,October,2020-10,55481.0,Class 8
2020,10,October,2020-10,96662.0,Class 9
2020,11,November,2020-11,7731467.0,Class 1
2020,11,November,2020-11,17025.0,Class 11
2020,11,November,2020-11,217405.0,Class 2
2020,11,November,2020-11,77324.0,Class 3
2020,11,November,2020-11,53258.0,Class 4
2020,11,November,2020-11,245693.0,Class 5
2020,11,November,2020-11,8655.0,Class 6
2020,11,November,2020-11,13792.0,Class 7
2020,11,November,2020-11,50243.0,Class 8
2020,11,November,2020-11,88210.0,Class 9
2020,12,December,2020-12,7575197.0,Class 1
2020,12,December,2020-12,9217.0,Class 11
2020,12,December,2020-12,230131.0,Class 2
2020,12,December,2020-12,83736.0,Class 3
2020,12,December,2020-12,54604.0,Class 4
2020,12,December,2020-12,260534.0,Class 5
2020,12,December,2020-12,9261.0,Class 6
2020,12,December,2020-12,12602.0,Class 7
2020,12,December,2020-12,50082.0,Class 8
2020,12,December,2020-12,93054.0,Class 9
2021,1,January,2021-01,7503521.0,Class 1
2021,1,January,2021-01,8198.0,Class 11
2021,1,January,2021-01,213584.0,Class 2
2021,1,January,2021-01,77327.0,Class 3
2021,1,January,2021-01,52858.0,Class 4
2021,1,January,2021-01,247988.0,Class 5
2021,1,January,2021-01,8533.0,Class 6
2021,1,January,2021-01,11494.0,Class 7
2021,1,January,2021-01,46570.0,Class 8
2021,1,January,2021-01,89547.0,Class 9
2021,2,February,2021-02,6365095.0,Class 1
2021,2,February,2021-02,5807.0,Class 11
2021,2,February,2021-02,193304.0,Class 2
2021,2,February,2021-02,68217.0,Class 3
2021,2,February,2021-02,47759.0,Class 4
2021,2,February,2021-02,215403.0,Class 5
2021,2,February,2021-02,8407.0,Class 6
2021,2,February,2021-02,10750.0,Class 7
2021,2,February,2021-02,41390.0,Class 8
2021,2,February,2021-02,77914.0,Class 9
2021,3,March,2021-03,8395538.0,Class 1
2021,3,March,2021-03,14147.0,Class 11
2021,3,March,2021-03,240853.0,Class 2
2021,3,March,2021-03,88078.0,Class 3
2021,3,March,2021-03,56693.0,Class 4
2021,3,March,2021-03,274829.0,Class 5
2021,3,March,2021-03,10655.0,Class 6
2021,3,March,2021-03,14367.0,Class 7
2021,3,March,2021-03,51964.0,Class 8
2021,3,March,2021-03,101037.0,Class 9
2021,4,April,2021-04,8543942.0,Class 1
2021,4,April,2021-04,20611.0,Class 11
2021,4,April,2021-04,238249.0,Class 2
2021,4,April,2021-04,89488.0,Class 3
2021,4,April,2021-04,57275.0,Class 4
2021,4,April,2021-04,257894.0,Class 5
2021,4,April,2021-04,11971.0,Class 6
2021,4,April,2021-04,14199.0,Class 7
2021,4,April,2021-04,50389.0,Class 8
2021,4,April,2021-04,101599.0,Class 9
2021,5,May,2021-05,9324950.0,Class 1
2021,5,May,2021-05,27921.0,Class 11
2021,5,May,2021-05,238364.0,Class 2
2021,5,May,2021-05,80452.0,Class 3
2021,5,May,2021-05,55557.0,Class 4
2021,5,May,2021-05,250319.0,Class 5
2021,5,May,2021-05,14645.0,Class 6
2021,5,May,2021-05,14982.0,Class 7
2021,5,May,2021-05,50902.0,Class 8
2021,5,May,2021-05,99153.0,Class 9
2021,6,June,2021-06,9488443.0,Class 1
2021,6,June,2021-06,30992.0,Class 11
2021,6,June,2021-06,260964.0,Class 2
2021,6,June,2021-06,83836.0,Class 3
2021,6,June,2021-06,56891.0,Class 4
2021,6,June,2021-06,265009.0,Class 5
2021,6,June,2021-06,10551.0,Class 6
2021,6,June,2021-06,16104.0,Class 7
2021,6,June,2021-06,52438.0,Class 8
2021,6,June,2021-06,106028.0,Class 9
2021,7,July,2021-07,9826818.0,Class 1
2021,7,July,2021-07,28765.0,Class 11
2021,7,July,2021-07,252555.0,Class 2
2021,7,July,2021-07,77756.0,Class 3
2021,7,July,2021-07,55568.0,Class 4
2021,7,July,2021-07,252620.0,Class 5
2021,7,July,2021-07,9528.0,Class 6
2021,7,July,2021-07,15281.0,Class 7
2021,7,July,2021-07,58412.0,Class 8
2021,7,July,2021-07,107994.0,Class 9
2021,8,August,2021-08,9776768.0,Class 1
2021,8,August,2021-08,28452.0,Class 11
2021,8,August,2021-08,263166.0,Class 2
2021,8,August,2021-08,79976.0,Class 3
2021,8,August,2021-08,55507.0,Class 4
2021,8,August,2021-08,255729.0,Class 5
2021,8,August,2021-08,9282.0,Class 6
2021,8,August,2021-08,15201.0,Class 7
2021,8,August,2021-08,56428.0,Class 8
2021,8,August,2021-08,111431.0,Class 9
2021,9,September,2021-09,9089230.0,Class 1
2021,9,September,2021-09,30745.0,Class 11
2021,9,September,2021-09,252034.0,Class 2
2021,9,September,2021-09,75094.0,Class 3
2021,9,September,2021-09,50481.0,Class 4
2021,9,September,2021-09,252115.0,Class 5
2021,9,September,2021-09,9001.0,Class 6
2021,9,September,2021-09,15087.0,Class 7
2021,9,September,2021-09,52857.0,Class 8
2021,9,September,2021-09,105776.0,Class 9
2021,10,October,2021-10,9534663.0,Class 1
2021,10,October,2021-10,24964.0,Class 11
2021,10,October,2021-10,257785.0,Class 2
2021,10,October,2021-10,77177.0,Class 3
2021,10,October,2021-10,50944.0,Class 4
2021,10,October,2021-10,255084.0,Class 5
2021,10,October,2021-10,8401.0,Class 6
2021,10,October,2021-10,15220.0,Class 7
2021,10,October,2021-10,56950.0,Class 8
2021,10,October,2021-10,110023.0,Class 9
2021,11,November,2021-11,9193206.0,Class 1
2021,11,November,2021-11,15041.0,Class 11
2021,11,November,2021-11,254436.0,Class 2
2021,11,November,2021-11,78524.0,Class 3
2021,11,November,2021-11,52427.0,Class 4
2021,11,November,2021-11,256992.0,Class 5
2021,11,November,2021-11,8943.0,Class 6
2021,11,November,2021-11,13994.0,Class 7
2021,11,November,2021-11,55031.0,Class 8
2021,11,November,2021-11,108972.0,Class 9
2021,12,December,2021-12,9046500.0,Class 1
2021,12,December,2021-12,11632.0,Class 11
2021,12,December,2021-12,254848.0,Class 2
2021,12,December,2021-12,82958.0,Class 3
2021,12,December,2021-12,51511.0,Class 4
2021,12,December,2021-12,264218.0,Class 5
2021,12,December,2021-12,9518.0,Class 6
2021,12,December,2021-12,12768.0,Class 7
2021,12,December,2021-12,54982.0,Class 8
2021,12,December,2021-12,109875.0,Class 9
2022,1,January,2022-01,7585563.0,Class 1
2022,1,January,2022-01,6285.0,Class 11
2022,1,January,2022-01,229841.0,Class 2
2022,1,January,2022-01,73975.0,Class 3
2022,1,January,2022-01,46284.0,Class 4
2022,1,January,2022-01,239129.0,Class 5
2022,1,January,2022-01,8551.0,Class 6
2022,1,January,2022-01,12089.0,Class 7
2022,1,January,2022-01,48417.0,Class 8
2022,1,January,2022-01,101498.0,Class 9
2022,2,February,2022-02,7974504.0,Class 1
2022,2,February,2022-02,8362.0,Class 11
2022,2,February,2022-02,225320.0,Class 2
2022,2,February,2022-02,74357.0,Class 3
2022,2,February,2022-02,47096.0,Class 4
2022,2,February,2022-02,234948.0,Class 5
2022,2,February,2022-02,7436.0,Class 6
2022,2,February,2022-02,12602.0,Class 7
2022,2,February,2022-02,48436.0,Class 8
2022,2,February,2022-02,99794.0,Class 9
2022,3,March,2022-03,9085276.0,Class 1
2022,3,March,2022-03,13272.0,Class 11
2022,3,March,2022-03,266538.0,Class 2
2022,3,March,2022-03,84721.0,Class 3
2022,3,March,2022-03,53095.0,Class 4
2022,3,March,2022-03,276846.0,Class 5
2022,3,March,2022-03,9374.0,Class 6
2022,3,March,2022-03,15761.0,Class 7
2022,3,March,2022-03,56860.0,Class 8
2022,3,March,2022-03,117229.0,Class 9
2022,4,April,2022-04,9211933.0,Class 1
2022,4,April,2022-04,19565.0,Class 11
2022,4,April,2022-04,249518.0,Class 2
2022,4,April,2022-04,76665.0,Class 3
2022,4,April,2022-04,50544.0,Class 4
2022,4,April,2022-04,253298.0,Class 5
2022,4,April,2022-04,8450.0,Class 6
2022,4,April,2022-04,16131.0,Class 7
2022,4,April,2022-04,54056.0,Class 8
2022,4,April,2022-04,111458.0,Class 9
2022,5,May,2022-05,9688815.0,Class 1
2022,5,May,2022-05,26935.0,Class 11
2022,5,May,2022-05,261980.0,Class 2
2022,5,May,2022-05,80139.0,Class 3
2022,5,May,2022-05,49589.0,Class 4
2022,5,May,2022-05,264339.0,Class 5
2022,5,May,2022-05,8911.0,Class 6
2022,5,May,2022-05,17763.0,Class 7
2022,5,May,2022-05,55940.0,Class 8
2022,5,May,2022-05,114709.0,Class 9
2022,6,June,2022-06,9618154.0,Class 1
2022,6,June,2022-06,31790.0,Class 11
2022,6,June,2022-06,276083.0,Class 2
2022,6,June,2022-06,84028.0,Class 3
2022,6,June,2022-06,52691.0,Class 4
2022,6,June,2022-06,266251.0,Class 5
2022,6,June,2022-06,9651.0,Class 6
2022,6,June,2022-06,18784.0,Class 7
2022,6,June,2022-06,56234.0,Class 8
2022,6,June,2022-06,119169.0,Class 9
2022,7,July,2022-07,9833242.0,Class 1
2022,7,July,2022-07,34303.0,Class 11
2022,7,July,2022-07,275074.0,Class 2
2022,7,July,2022-07,87453.0,Class 3
2022,7,July,2022-07,53239.0,Class 4
2022,7,July,2022-07,255498.0,Class 5
2022,7,July,2022-07,8831.0,Class 6
2022,7,July,2022-07,15014.0,Class 7
2022,7,July,2022-07,50660.0,Class 8
2022,7,July,2022-07,114150.0,Class 9
2022,8,August,2022-08,9856645.0,Class 1
2022,8,August,2022-08,35389.0,Class 11
2022,8,August,2022-08,301647.0,Class 2
2022,8,August,2022-08,91529.0,Class 3
2022,8,August,2022-08,55940.0,Class 4
2022,8,August,2022-08,285052.0,Class 5
2022,8,August,2022-08,9695.0,Class 6
2022,8,August,2022-08,18394.0,Class 7
2022,8,August,2022-08,51487.0,Class 8
2022,8,August,2022-08,122539.0,Class 9
2022,9,September,2022-09,9356398.0,Class 1
2022,9,September,2022-09,33117.0,Class 11
2022,9,September,2022-09,288677.0,Class 2
2022,9,September,2022-09,86133.0,Class 3
2022,9,September,2022-09,52611.0,Class 4
2022,9,September,2022-09,270961.0,Class 5
2022,9,September,2022-09,9548.0,Class 6
2022,9,September,2022-09,16644.0,Class 7
2022,9,September,2022-09,48244.0,Class 8
2022,9,September,2022-09,115367.0,Class 9
2022,10,October,2022-10,9501947.0,Class 1
2022,10,October,2022-10,20039.0,Class 11
2022,10,October,2022-10,288268.0,Class 2
2022,10,October,2022-10,86527.0,Class 3
2022,10,October,2022-10,52864.0,Class 4
2022,10,October,2022-10,272885.0,Class 5
2022,10,October,2022-10,9368.0,Class 6
2022,10,October,2022-10,16159.0,Class 7
2022,10,October,2022-10,49167.0,Class 8
2022,10,October,2022-10,118544.0,Class 9
2022,11,November,2022-11,9121376.0,Class 1
2022,11,November,2022-11,14837.0,Class 11
2022,11,November,2022-11,280883.0,Class 2
2022,11,November,2022-11,87673.0,Class 3
2022,11,November,2022-11,50487.0,Class 4
2022,11,November,2022-11,265925.0,Class 5
2022,11,November,2022-11,8905.0,Class 6
2022,11,November,2022-11,14060.0,Class 7
2022,11,November,2022-11,47630.0,Class 8
2022,11,November,2022-11,115979.0,Class 9
2022,12,December,2022-12,9364649.0,Class 1
2022,12,December,2022-12,8717.0,Class 11
2022,12,December,2022-12,283660.0,Class 2
2022,12,December,2022-12,87599.0,Class 3
2022,12,December,2022-12,50027.0,Class 4
2022,12,December,2022-12,265238.0,Class 5
2022,12,December,2022-12,8610.0,Class 6
2022,12,December,2022-12,11886.0,Class 7
2022,12,December,2022-12,47976.0,Class 8
2022,12,December,2022-12,117482.0,Class 9
2023,1,January,2023-01,8813560.0,Class 1
2023,1,January,2023-01,8595.0,Class 11
2023,1,January,2023-01,270931.0,Class 2
2023,1,January,2023-01,85235.0,Class 3
2023,1,January,2023-01,49031.0,Class 4
2023,1,January,2023-01,259765.0,Class 5
2023,1,January,2023-01,8270.0,Class 6
2023,1,January,2023-01,11406.0,Class 7
2023,1,January,2023-01,44412.0,Class 8
2023,1,January,2023-01,114588.0,Class 9
2023,2,February,2023-02,8129681.0,Class 1
2023,2,February,2023-02,7911.0,Class 11
2023,2,February,2023-02,254141.0,Class 2
2023,2,February,2023-02,79644.0,Class 3
2023,2,February,2023-02,46269.0,Class 4
2023,2,February,2023-02,236106.0,Class 5
2023,2,February,2023-02,7846.0,Class 6
2023,2,February,2023-02,10244.0,Class 7
2023,2,February,2023-02,41650.0,Class 8
2023,2,February,2023-02,107176.0,Class 9
2023,3,March,2023-03,9190040.0,Class 1
2023,3,March,2023-03,10002.0,Class 11
2023,3,March,2023-03,304280.0,Class 2
2023,3,March,2023-03,94369.0,Class 3
2023,3,March,2023-03,56735.0,Class 4
2023,3,March,2023-03,274262.0,Class 5
2023,3,March,2023-03,9301.0,Class 6
2023,3,March,2023-03,14034.0,Class 7
2023,3,March,2023-03,46708.0,Class 8
2023,3,March,2023-03,127897.0,Class 9
2023,4,April,2023-04,9177986.0,Class 1
2023,4,April,2023-04,19298.0,Class 11
2023,4,April,2023-04,271652.0,Class 2
2023,4,April,2023-04,83291.0,Class 3
2023,4,April,2023-04,53739.0,Class 4
2023,4,April,2023-04,252999.0,Class 5
2023,4,April,2023-04,9247.0,Class 6
2023,4,April,2023-04,15224.0,Class 7
2023,4,April,2023-04,44135.0,Class 8
2023,4,April,2023-04,120280.0,Class 9
2023,5,May,2023-05,9765033.0,Class 1
2023,5,May,2023-05,32231.0,Class 11
2023,5,May,2023-05,307598.0,Class 2
2023,5,May,2023-05,91172.0,Class 3
2023,5,May,2023-05,59215.0,Class 4
2023,5,May,2023-05,272426.0,Class 5
2023,5,May,2023-05,10404.0,Class 6
2023,5,May,2023-05,17144.0,Class 7
2023,5,May,2023-05,48434.0,Class 8
2023,5,May,2023-05,129415.0,Class 9
2023,6,June,2023-06,9614777.0,Class 1
2023,6,June,2023-06,28481.0,Class 11
2023,6,June,2023-06,310840.0,Class 2
2023,6,June,2023-06,87870.0,Class 3
2023,6,June,2023-06,58449.0,Class 4
2023,6,June,2023-06,266275.0,Class 5
2023,6,June,2023-06,9155.0,Class 6
2023,6,June,2023-06,16686.0,Class 7
2023,6,June,2023-06,48031.0,Class 8
2023,6,June,2023-06,129846.0,Class 9
2023,7,July,2023-07,9882727.0,Class 1
2023,7,July,2023-07,30701.0,Class 11
2023,7,July,2023-07,288493.0,Class 2
2023,7,July,2023-07,81151.0,Class 3
2023,7,July,2023-07,53645.0,Class 4
2023,7,July,2023-07,249799.0,Class 5
2023,7,July,2023-07,8573.0,Class 6
2023,7,July,2023-07,17382.0,Class 7
2023,7,July,2023-07,48612.0,Class 8
2023,7,July,2023-07,124599.0,Class 9
2023,8,August,2023-08,9852653.0,Class 1
2023,8,August,2023-08,32398.0,Class 11
2023,8,August,2023-08,311174.0,Class 2
2023,8,August,2023-08,88857.0,Class 3
2023,8,August,2023-08,56939.0,Class 4
2023,8,August,2023-08,264131.0,Class 5
2023,8,August,2023-08,8782.0,Class 6
2023,8,August,2023-08,17190.0,Class 7
2023,8,August,2023-08,49998.0,Class 8
2023,8,August,2023-08,133634.0,Class 9
2023,9,September,2023-09,9153893.0,Class 1
2023,9,September,2023-09,28859.0,Class 11
2023,9,September,2023-09,292906.0,Class 2
2023,9,September,2023-09,80529.0,Class 3
2023,9,September,2023-09,53803.0,Class 4
2023,9,September,2023-09,247237.0,Class 5
2023,9,September,2023-09,7968.0,Class 6
2023,9,September,2023-09,14540.0,Class 7
2023,9,September,2023-09,46823.0,Class 8
2023,9,September,2023-09,121943.0,Class 9
2023,10,October,2023-10,9511443.0,Class 1
2023,10,October,2023-10,25402.0,Class 11
2023,10,October,2023-10,307017.0,Class 2
2023,10,October,2023-10,89788.0,Class 3
2023,10,October,2023-10,57294.0,Class 4
2023,10,October,2023-10,272478.0,Class 5
2023,10,October,2023-10,7929.0,Class 6
2023,10,October,2023-10,13959.0,Class 7
2023,10,October,2023-10,50763.0,Class 8
2023,10,October,2023-10,132876.0,Class 9
2023,11,November,2023-11,9193030.0,Class 1
2023,11,November,2023-11,13934.0,Class 11
2023,11,November,2023-11,291023.0,Class 2
2023,11,November,2023-11,84615.0,Class 3
2023,11,November,2023-11,55401.0,Class 4
2023,11,November,2023-11,264825.0,Class 5
2023,11,November,2023-11,8243.0,Class 6
2023,11,November,2023-11,11523.0,Class 7
2023,11,November,2023-11,48641.0,Class 8
2023,11,November,2023-11,124236.0,Class 9
2023,12,December,2023-12,9478037.0,Class 1
2023,12,December,2023-12,9228.0,Class 11
2023,12,December,2023-12,280334.0,Class 2
2023,12,December,2023-12,81059.0,Class 3
2023,12,December,2023-12,51210.0,Class 4
2023,12,December,2023-12,260238.0,Class 5
2023,12,December,2023-12,7724.0,Class 6
2023,12,December,2023-12,10023.0,Class 7
2023,12,December,2023-12,48731.0,Class 8
2023,12,December,2023-12,120812.0,Class 9
2024,1,January,2024-01,8399022.0,Class 1
2024,1,January,2024-01,6342.0,Class 11
2024,1,January,2024-01,283674.0,Class 2
2024,1,January,2024-01,85436.0,Class 3
2024,1,January,2024-01,51507.0,Class 4
2024,1,January,2024-01,259799.0,Class 5
2024,1,January,2024-01,7682.0,Class 6
2024,1,January,2024-01,9923.0,Class 7
2024,1,January,2024-01,47433.0,Class 8
2024,1,January,2024-01,122395.0,Class 9
2024,2,February,2024-02,8293790.0,Class 1
2024,2,February,2024-02,7793.0,Class 11
2024,2,February,2024-02,266884.0,Class 2
2024,2,February,2024-02,83612.0,Class 3
2024,2,February,2024-02,50072.0,Class 4
2024,2,February,2024-02,248955.0,Class 5
2024,2,February,2024-02,7923.0,Class 6
2024,2,February,2024-02,10043.0,Class 7
2024,2,February,2024-02,45048.0,Class 8
2024,2,February,2024-02,118342.0,Class 9
2024,3,March,2024-03,9195368.0,Class 1
2024,3,March,2024-03,13893.0,Class 11
2024,3,March,2024-03,284290.0,Class 2
2024,3,March,2024-03,84361.0,Class 3
2024,3,March,2024-03,52981.0,Class 4
2024,3,March,2024-03,269336.0,Class 5
2024,3,March,2024-03,8100.0,Class 6
2024,3,March,2024-03,13065.0,Class 7
2024,3,March,2024-03,47649.0,Class 8
2024,3,March,2024-03,130067.0,Class 9
2024,4,April,2024-04,9073608.0,Class 1
2024,4,April,2024-04,20361.0,Class 11
2024,4,April,2024-04,292445.0,Class 2
2024,4,April,2024-04,84601.0,Class 3
2024,4,April,2024-04,55669.0,Class 4
2024,4,April,2024-04,280913.0,Class 5
2024,4,April,2024-04,8664.0,Class 6
2024,4,April,2024-04,13912.0,Class 7
2024,4,April,2024-04,47305.0,Class 8
2024,4,April,2024-04,131676.0,Class 9
2024,5,May,2024-05,9676780.0,Class 1
2024,5,May,2024-05,29944.0,Class 11
2024,5,May,2024-05,308837.0,Class 2
2024,5,May,2024-05,89803.0,Class 3
2024,5,May,2024-05,57634.0,Class 4
2024,5,May,2024-05,287425.0,Class 5
2024,5,May,2024-05,9124.0,Class 6
2024,5,May,2024-05,15021.0,Class 7
2024,5,May,2024-05,49648.0,Class 8
2024,5,May,2024-05,134758.0,Class 9
2024,6,June,2024-06,9645627.0,Class 1
2024,6,June,2024-06,35609.0,Class 11
2024,6,June,2024-06,293907.0,Class 2
2024,6,June,2024-06,84951.0,Class 3
2024,6,June,2024-06,54586.0,Class 4
2024,6,June,2024-06,276721.0,Class 5
2024,6,June,2024-06,8828.0,Class 6
2024,6,June,2024-06,16126.0,Class 7
2024,6,June,2024-06,46288.0,Class 8
2024,6,June,2024-06,127634.0,Class 9
2024,7,July,2024-07,9705309.0,Class 1
2024,7,July,2024-07,33328.0,Class 11
2024,7,July,2024-07,304272.0,Class 2
2024,7,July,2024-07,90293.0,Class 3
2024,7,July,2024-07,55092.0,Class 4
2024,7,July,2024-07,287298.0,Class 5
2024,7,July,2024-07,9516.0,Class 6
2024,7,July,2024-07,15362.0,Class 7
2024,7,July,2024-07,50102.0,Class 8
2024,7,July,2024-07,133312.0,Class 9
2024,8,August,2024-08,9728210.0,Class 1
2024,8,August,2024-08,31488.0,Class 11
2024,8,August,2024-08,303000.0,Class 2
2024,8,August,2024-08,88951.0,Class 3
2024,8,August,2024-08,55829.0,Class 4
2024,8,August,2024-08,277924.0,Class 5
2024,8,August,2024-08,9131.0,Class 6
2024,8,August,2024-08,16441.0,Class 7
2024,8,August,2024-08,48718.0,Class 8
2024,8,August,2024-08,132863.0,Class 9
2024,9,September,2024-09,9277311.0,Class 1
2024,9,September,2024-09,33148.0,Class 11
2024,9,September,2024-09,291533.0,Class 2
2024,9,September,2024-09,84367.0,Class 3
2024,9,September,2024-09,51294.0,Class 4
2024,9,September,2024-09,258935.0,Class 5
2024,9,September,2024-09,9204.0,Class 6
2024,9,September,2024-09,18575.0,Class 7
2024,9,September,2024-09,47761.0,Class 8
2024,9,September,2024-09,123429.0,Class 9
2024,10,October,2024-10,9567637.0,Class 1
2024,10,October,2024-10,31093.0,Class 11
2024,10,October,2024-10,312000.0,Class 2
2024,10,October,2024-10,101885.0,Class 3
2024,10,October,2024-10,59401.0,Class 4
2024,10,October,2024-10,282566.0,Class 5
2024,10,October,2024-10,10478.0,Class 6
2024,10,October,2024-10,21121.0,Class 7
2024,10,October,2024-10,51162.0,Class 8
2024,10,October,2024-10,137008.0,Class 9
2024,11,November,2024-11,9179061.0,Class 1
2024,11,November,2024-11,18195.0,Class 11
2024,11,November,2024-11,281970.0,Class 2
2024,11,November,2024-11,84508.0,Class 3
2024,11,November,2024-11,52886.0,Class 4
2024,11,November,2024-11,279288.0,Class 5
2024,11,November,2024-11,8540.0,Class 6
2024,11,November,2024-11,11928.0,Class 7
2024,11,November,2024-11,45765.0,Class 8
2024,11,November,2024-11,122616.0,Class 9
2024,12,December,2024-12,9517094.0,Class 1
2024,12,December,2024-12,8119.0,Class 11
2024,12,December,2024-12,291649.0,Class 2
2024,12,December,2024-12,88300.0,Class 3
2024,12,December,2024-12,49943.0,Class 4
2024,12,December,2024-12,281565.0,Class 5
2024,12,December,2024-12,9230.0,Class 6
2024,12,December,2024-12,11509.0,Class 7
2024,12,December,2024-12,49942.0,Class 8
2024,12,December,2024-12,122849.0,Class 9
2025,1,January,2025-01,8324302.0,Class 1
2025,1,January,2025-01,6580.0,Class 11
2025,1,January,2025-01,280307.0,Class 2
2025,1,January,2025-01,86509.0,Class 3
2025,1,January,2025-01,50917.0,Class 4
2025,1,January,2025-01,283338.0,Class 5
2025,1,January,2025-01,8415.0,Class 6
2025,1,January,2025-01,9940.0,Class 7
2025,1,January,2025-01,43688.0,Class 8
2025,1,January,2025-01,126495.0,Class 9
2025,2,February,2025-02,7716157.0,Class 1
2025,2,February,2025-02,6341.0,Class 11
2025,2,February,2025-02,262121.0,Class 2
2025,2,February,2025-02,77890.0,Class 3
2025,2,February,2025-02,48428.0,Class 4
2025,2,February,2025-02,255600.0,Class 5
2025,2,February,2025-02,7962.0,Class 6
2025,2,February,2025-02,10617.0,Class 7
2025,2,February,2025-02,40888.0,Class 8
2025,2,February,2025-02,119151.0,Class 9
2025,3,March,2025-03,9118623.0,Class 1
2025,3,March,2025-03,13956.0,Class 11
2025,3,March,2025-03,288851.0,Class 2
2025,3,March,2025-03,87033.0,Class 3
2025,3,March,2025-03,51979.0,Class 4
2025,3,March,2025-03,287488.0,Class 5
2025,3,March,2025-03,9664.0,Class 6
2025,3,March,2025-03,15860.0,Class 7
2025,3,March,2025-03,46227.0,Class 8
2025,3,March,2025-03,130044.0,Class 9
2025,4,April,2025-04,9018873.0,Class 1
2025,4,April,2025-04,19850.0,Class 11
2025,4,April,2025-04,293978.0,Class 2
2025,4,April,2025-04,86255.0,Class 3
2025,4,April,2025-04,53194.0,Class 4
2025,4,April,2025-04,291056.0,Class 5
2025,4,April,2025-04,10561.0,Class 6
2025,4,April,2025-04,19508.0,Class 7
2025,4,April,2025-04,44649.0,Class 8
2025,4,April,2025-04,134785.0,Class 9
2025,5,May,2025-05,9726677.0,Class 1
2025,5,May,2025-05,24320.0,Class 11
2025,5,May,2025-05,308260.0,Class 2
2025,5,May,2025-05,82995.0,Class 3
2025,5,May,2025-05,55825.0,Class 4
2025,5,May,2025-05,295354.0,Class 5
2025,5,May,2025-05,10699.0,Class 6
2025,5,May,2025-05,17960.0,Class 7
2025,5,May,2025-05,46322.0,Class 8
2025,5,May,2025-05,136192.0,Class 9
